inv_br;naziv;stopa;amgrp;amgrp_naz;datum_nabave;aktivirano;kto_nabave;kto otpisa;duguje;potrazuje;saldo;amortizacija_za_razdoblje
11;NOSAČ-STALAK ZA STOLARIJU;20;1004;Namještaj(uredski,pogonski);1997-10-15;1997-11-01;03220;03922;17300.00;17300.00;0.00;0.00
12;RADIONA;5;1001;Građevinski objekti visokograd;1996-03-01;1996-03-01;02310;03910;22252.23;21734.32;517.91;1112.64
31;POLUAUTOMATSKA 2GLAVA;10;1008;Ostala oprema;1997-10-15;1997-11-01;03010;03901;28000.00;28000.00;0.00;0.00
42;STALAŽA IVERICA;20;1004;Namještaj(uredski,pogonski);1997-10-15;1997-11-01;03220;03922;1136.08;1136.08;0.00;0.00
69;CANON LBP-660;50;1003;Elekt. Računala, oprema i mobi;1998-09-21;1998-10-01;03110;03902;1847.84;1847.84;0.00;0.00
70;RAČUNALO PII-366;50;1003;Elekt. Računala, oprema i mobi;1999-09-06;1999-10-01;03110;03902;5373.00;5373.00;0.00;0.00
74;GRA\EVINSKI OBJEKT-HALA;5;1001;Građevinski objekti visokograd;1999-04-26;1999-05-01;02310;03910;675720.43;570718.04;105002.39;33786.00
78;FABER X A60 CM5;10;1008;Ostala oprema;1999-12-11;2000-01-01;03010;03901;4356.00;4356.00;0.00;0.00
79;DVOSTRUKA AUTOMATSKA;10;1008;Ostala oprema;1997-12-31;1999-05-01;03010;03901;190398.08;190398.08;0.00;0.00
80;IZLOŽBENI ŠTAND;10;1008;Ostala oprema;1999-04-30;1999-05-01;03220;03922;23134.44;23134.44;0.00;0.00
84;PILA ZA LAJSNE STAKLA;10;1008;Ostala oprema;1997-12-31;1999-05-01;03010;03901;35223.87;35223.87;0.00;0.00
85;KOMPRESOR 2656Lt/min;10;1008;Ostala oprema;1997-12-31;1999-05-01;03010;03901;20583.52;20583.52;0.00;0.00
86;DVOGLAVA VARILICA KC-272;10;1008;Ostala oprema;1997-12-31;1999-05-01;03010;03901;113870.56;113870.56;0.00;0.00
87;JEDNOGLAVA VARILICA KB412;10;1008;Ostala oprema;1997-12-31;1999-05-01;03010;03901;55705.76;55705.76;0.00;0.00
88;AUTOMATSKA BUŠILICA;10;1008;Ostala oprema;1997-12-31;1999-05-01;03010;03901;45414.93;45414.93;0.00;0.00
89;AUTOMATSKA GLODALICA ZA;10;1008;Ostala oprema;1997-12-31;1999-05-01;03010;03901;31868.85;31868.85;0.00;0.00
90;GLODALICA S DVOSTRUKIM;10;1008;Ostala oprema;1997-12-31;1999-05-01;03010;03901;37651.10;37651.10;0.00;0.00
91;KOPIRNA GLODALICA FU 440;10;1008;Ostala oprema;1997-12-31;1999-05-01;03010;03901;25358.06;25358.06;0.00;0.00
92;ČISTAČ UGLOVA CA 266;10;1008;Ostala oprema;1997-12-31;1999-05-01;03010;03901;97438.72;97438.72;0.00;0.00
93;STROJ ZA SAVIJANJE;10;1008;Ostala oprema;1997-12-31;1999-05-01;03010;03901;363145.34;363145.34;0.00;0.00
94;STROJ ZA UVRTANJE VIJAKA;10;1008;Ostala oprema;1997-12-31;1999-05-01;03010;03901;45806.23;45806.23;0.00;0.00
95;STROJ ZA SKIDANJE VARA;10;1008;Ostala oprema;1997-12-31;1999-05-01;03010;03901;75607.16;75607.16;0.00;0.00
96;BRUSILICA DUPLA PSM 150;10;1008;Ostala oprema;1998-01-22;1999-01-01;03010;03901;269.68;269.68;0.00;0.00
97;KOLICA;20;1004;Namještaj(uredski,pogonski);1998-02-02;1999-05-01;03220;03922;2355.05;2355.05;0.00;0.00
98;RADIANT tip RHL 23;10;1008;Ostala oprema;1998-02-10;1999-05-01;03020;03905;31056.00;31056.00;0.00;0.00
99;AUTOMATSKI DODAVAČ VIJAKA;10;1008;Ostala oprema;1998-02-12;1999-05-01;03010;03901;18220.51;18220.51;0.00;0.00
100;PRILAZ HALI - ASFALT;5;1002;Građevinski objekti niskogradn;2000-09-16;2000-10-01;02360;03960;39565.26;37594.79;1970.47;1978.32
101;RAČUNALO PII 433A CELERON;50;1003;Elekt. Računala, oprema i mobi;2000-03-22;2000-04-01;03110;03902;6217.79;6217.79;0.00;0.00
102;CENTRALNO GRIJANJE;50;1010;Softveri;2000-02-01;2000-02-01;03020;03905;43094.03;43094.03;0.00;0.00
103;PILA STIL E 160;10;1008;Ostala oprema;2000-02-24;2000-03-01;03230;03904;1800.00;1800.00;0.00;0.00
104;PISAČ LASERSKI HP 1100;50;1003;Elekt. Računala, oprema i mobi;2000-05-13;2000-06-01;03110;03902;3100.82;3100.82;0.00;0.00
105;MREŽA;50;1003;Elekt. Računala, oprema i mobi;2000-04-30;2000-05-01;03110;03902;5349.00;5349.00;0.00;0.00
106;BRUSILICA BIJAKS 710W;10;1008;Ostala oprema;2000-04-11;2000-05-01;03230;03904;2750.00;2750.00;0.00;0.00
109;RAČUNALO OFFICE PII433A;50;1003;Elekt. Računala, oprema i mobi;2000-12-08;2001-01-01;03110;03902;7131.48;7131.48;0.00;0.00
126;STROJ ZA ČIŠĆENJE VARA;10;1008;Ostala oprema;2000-04-19;2000-11-01;03010;03901;167919.15;167919.15;0.00;0.00
127;VISOKOTLAČNI ČISTAČ K721;10;1008;Ostala oprema;2002-03-23;2002-04-01;03010;03901;2290.00;2290.00;0.00;0.00
128;PREŠA;10;1008;Ostala oprema;2001-03-01;2001-03-01;03010;03901;12231.56;12231.56;0.00;0.00
142;KANCELARIJA;5;1001;Građevinski objekti visokograd;1999-04-26;1999-05-01;02300;03900;446398.79;373733.58;72665.21;22320.00
143;ALAT ZA BUŠENJE POLUOLIVA;10;1008;Ostala oprema;2001-02-13;2001-03-01;03230;03904;1264.00;1264.00;0.00;0.00
144;INOX KADA ZA VODU kom 2;10;1008;Ostala oprema;2001-02-19;2001-03-01;03010;03901;4000.00;4000.00;0.00;0.00
145;STROJ ZA BUŠENJE KONDENZA;10;1008;Ostala oprema;2001-02-19;2001-03-01;03010;03901;2149.28;2149.28;0.00;0.00
146;PNEUMATIK POWERDYNE KOMPL;10;1008;Ostala oprema;2000-12-31;2001-01-01;03010;03901;3500.00;3500.00;0.00;0.00
147;RUČNA PILA KUTNA ELEKTRA;10;1008;Ostala oprema;2000-12-31;2001-01-01;03230;03904;2900.00;2900.00;0.00;0.00
149;GLODALICA MORINE&BOSSI;10;1008;Ostala oprema;2000-12-31;2001-01-01;03010;03901;14800.00;14800.00;0.00;0.00
150;PREŠA ZA STAKLO;10;1008;Ostala oprema;2000-12-31;2001-01-01;03010;03901;50000.00;50000.00;0.00;0.00
151;LAMPA ZA GRIJANJE GUME KP;10;1008;Ostala oprema;2000-12-31;2001-01-01;03010;03901;18000.00;18000.00;0.00;0.00
152;CIRKULAR ELEKTRA BECKUM;10;1008;Ostala oprema;2000-12-31;2001-01-01;03010;03901;4500.00;4500.00;0.00;0.00
153;PILA ZA ČELIK CAMA AVIANO;10;1008;Ostala oprema;2000-12-31;2001-01-01;03010;03901;7500.00;7500.00;0.00;0.00
154;KOLICA ZA REZANE PROFILE;20;1004;Namještaj(uredski,pogonski);2000-12-31;2001-01-01;03220;03922;15300.00;15300.00;0.00;0.00
155;KOLICA ZA OTPADNE PROFILE;20;1004;Namještaj(uredski,pogonski);2000-12-31;2001-02-01;03220;03922;10200.00;10200.00;0.00;0.00
156;KOLICA ZA GOTOVE PROIZVOD;20;1004;Namještaj(uredski,pogonski);2000-12-31;2001-01-01;03220;03922;15200.00;15200.00;0.00;0.00
158;KOLICA ZA STAKLO 9 KOM;20;1004;Namještaj(uredski,pogonski);2000-12-31;2001-03-01;03220;03922;45900.00;45900.00;0.00;0.00
159;KOLICA ZA ISTOVAR STAKLA;20;1004;Namještaj(uredski,pogonski);2000-12-31;2001-03-01;03220;03922;12800.00;12800.00;0.00;0.00
160;POLICA ČELIK 5 PREČKI;20;1004;Namještaj(uredski,pogonski);2001-12-31;2001-01-01;03220;03922;6700.00;6700.00;0.00;0.00
161;ŠKARE PNEUMATIKE ZA OKOV;10;1008;Ostala oprema;2000-12-31;2001-01-01;03010;03901;9800.00;9800.00;0.00;0.00
162;STAKLARSKI STOL;20;1004;Namještaj(uredski,pogonski);2000-12-31;2001-03-01;03220;03922;19972.05;19972.05;0.00;0.00
185;SEPARATOR ULJNI ART 1014;10;1008;Ostala oprema;2001-01-12;2001-02-01;03020;03905;3432.80;3432.80;0.00;0.00
186;PILA KRUŽNA STOLNA 230V;10;1008;Ostala oprema;2001-02-12;2001-03-01;03010;03901;1474.59;1474.59;0.00;0.00
187;KRUŽNA PILA AGS 135;10;1008;Ostala oprema;2001-02-05;2001-03-01;03010;03901;8373.13;8373.13;0.00;0.00
188;PERAČ AINHEL EHR130 FREZ;10;1008;Ostala oprema;2004-03-28;2001-04-01;03020;03905;1923.77;1923.77;0.00;0.00
190;FOTOKOPIRNI APARAT;50;1003;Elekt. Računala, oprema i mobi;2001-05-30;2001-06-01;03110;03902;5988.12;5988.12;0.00;0.00
195;OGRADA;5;1002;Građevinski objekti niskogradn;2001-06-21;2001-07-01;02350;03950;76207.65;54886.22;21321.43;3810.36
201;ORMAR DRVO V.77;20;1004;Namještaj(uredski,pogonski);2001-05-05;2001-06-01;03210;03911;1245.90;1245.90;0.00;0.00
204;PREŠA SWIGGLE COMOLET;10;1008;Ostala oprema;2000-06-09;2001-03-01;03010;03901;88915.79;88915.79;0.00;0.00
205;PROSTOR ZA SAVIJANJE;5;1001;Građevinski objekti visokograd;2001-01-01;2001-03-01;02310;03910;191055.35;142017.22;49038.13;9552.72
206;PROSTORIJA STAKLANE;5;1001;Građevinski objekti visokograd;2001-01-01;2001-03-01;02310;03910;104328.67;77550.48;26778.19;5216.40
207;PROSTOR METALNE OBRADE;5;1001;Građevinski objekti visokograd;2001-01-01;2001-03-01;02310;03910;72351.90;53781.90;18570.00;3617.64
208;SKLADIŠTE OTVORENO;5;1001;Građevinski objekti visokograd;2001-01-01;2001-03-01;02310;03910;43195.05;32108.20;11086.85;2159.76
209; NADSTREŠNICA 1.;5;1001;Građevinski objekti visokograd;2001-01-01;2001-03-01;02310;03910;30236.53;22476.50;7760.03;1511.88
210;IZLOŠCI;10;1008;Ostala oprema;2001-01-01;2001-06-30;03220;03922;34510.55;34510.55;0.00;0.00
211;STOL ZA KOMPJUTER;20;1004;Namještaj(uredski,pogonski);2001-02-01;2001-03-01;03210;03911;2306.00;2306.00;0.00;0.00
212;STOL PISAČI;20;1004;Namještaj(uredski,pogonski);2001-02-01;2001-03-01;03210;03911;3722.00;3722.00;0.00;0.00
213;STOL L80;20;1004;Namještaj(uredski,pogonski);2001-02-01;2001-03-01;03210;03911;1574.00;1574.00;0.00;0.00
214;STOL KONFERENCIJSKI;20;1004;Namještaj(uredski,pogonski);2001-02-01;2001-03-01;03210;03911;2870.00;2870.00;0.00;0.00
215;LADIČAR /4 3 KOM;20;1004;Namještaj(uredski,pogonski);2001-02-01;2001-03-01;03210;03911;3060.00;3060.00;0.00;0.00
216;ORMAR-POLICE H 199;20;1004;Namještaj(uredski,pogonski);2001-02-01;2001-03-01;03210;03911;1350.00;1350.00;0.00;0.00
217;ORMAR VRATA PUNA C372;20;1004;Namještaj(uredski,pogonski);2001-02-01;2001-03-01;03210;03911;2088.00;2088.00;0.00;0.00
218;ORMAR -POLICE C304;20;1004;Namještaj(uredski,pogonski);2001-02-01;2001-03-01;03210;03911;800.00;800.00;0.00;0.00
219;ORMAR POLICA C502 2KOM;20;1004;Namještaj(uredski,pogonski);2001-02-01;2001-03-01;03210;03911;3016.00;3016.00;0.00;0.00
220;ŠIBER ORMAR C308;20;1004;Namještaj(uredski,pogonski);2001-02-01;2001-03-01;03210;03911;2670.00;2670.00;0.00;0.00
221;ORMAR USKI C319 2KOM;20;1004;Namještaj(uredski,pogonski);2001-02-01;2001-03-01;03210;03911;3022.00;3022.00;0.00;0.00
222;ORMAR NISKI C 320;20;1004;Namještaj(uredski,pogonski);2001-02-01;2001-03-01;03210;03911;973.00;973.00;0.00;0.00
223;ORMAR STAKLO C373 2 KOM;20;1004;Namještaj(uredski,pogonski);2001-02-01;2001-03-01;03210;03911;4192.00;4192.00;0.00;0.00
224;ORMAR POLICA C501;20;1004;Namještaj(uredski,pogonski);2001-02-01;2001-03-01;03210;03911;1085.00;1085.00;0.00;0.00
225;ORMAR STAKLO C343;20;1004;Namještaj(uredski,pogonski);2001-02-01;2001-03-01;03210;03911;1283.00;1283.00;0.00;0.00
228;SUŠAČ D 1600;10;1008;Ostala oprema;2001-11-07;2001-12-01;03010;03901;7232.00;7232.00;0.00;0.00
231;PROČISTAČ I OMEKŠIVAČ VOD;10;1008;Ostala oprema;2002-02-26;2002-03-01;03230;03904;7360.00;7360.00;0.00;0.00
232;KLIMA AKAI 3,5W 3kom;10;1008;Ostala oprema;2002-07-11;2002-08-01;03030;03906;9237.00;9237.00;0.00;0.00
235;GERICOM PRIJ.RAČ.WEBGINE.;50;1003;Elekt. Računala, oprema i mobi;2002-10-16;2002-11-01;03110;03902;10990.00;10990.00;0.00;0.00
236;RAČUNALO OFFICE STANDARD;50;1003;Elekt. Računala, oprema i mobi;2002-10-18;2002-11-01;03110;03902;7254.10;7254.10;0.00;0.00
238;PREŠA ZA PVC ISPUNE 2 KOM;10;1008;Ostala oprema;2002-05-31;2002-06-01;03010;03901;208277.93;208277.93;0.00;0.00
239;LJEPILICA ZA PVC ISPUNE;10;1008;Ostala oprema;2002-05-31;2002-06-01;03010;03901;33470.71;33470.71;0.00;0.00
240;STOL S DISKOVIMA ZA PVC;10;1008;Ostala oprema;2002-05-31;2002-06-01;03010;03901;29970.01;29970.01;0.00;0.00
241;VILIČAR STILL;25;1007;Vozila teretna i kombi vozila;2003-03-27;2003-03-01;03203;03903;57450.00;57450.00;0.00;0.00
242;VILIČAR SPARTAK - PTF 250;25;1007;Vozila teretna i kombi vozila;2003-05-22;2003-06-01;03203;03903;999.00;999.00;0.00;0.00
243;INTEL PENTIUM 4;50;1003;Elekt. Računala, oprema i mobi;2003-06-02;2003-07-01;03110;03902;10313.36;10313.36;0.00;0.00
245;SKELA 7M AXIAL;10;1008;Ostala oprema;2003-09-27;2003-10-01;03220;03922;6638.61;6638.61;0.00;0.00
246;PC Pentium 4;50;1003;Elekt. Računala, oprema i mobi;2003-12-03;2004-01-01;03110;03902;5839.43;5839.43;0.00;0.00
247;PUMPA ZA SILIKON MONO 25;10;1008;Ostala oprema;2003-12-03;2004-01-01;03010;03901;30295.00;30295.00;0.00;0.00
248;PRILAZ HALI PANETA;5;1002;Građevinski objekti niskogradn;2003-05-31;2003-06-01;02360;03960;135361.54;83205.73;52155.81;6768.12
249;MONITOR HANSOL 17 H750;50;1003;Elekt. Računala, oprema i mobi;2003-06-04;2003-07-01;03110;03902;2406.56;2406.56;0.00;0.00
250;CANOM LASER TELEFAKS APAR;50;1003;Elekt. Računala, oprema i mobi;2003-07-29;2003-08-01;03110;03902;2490.00;2490.00;0.00;0.00
251;PLINSKA INFRA GRIJALICA;10;1008;Ostala oprema;2003-12-10;2004-01-01;03020;03905;5332.00;5332.00;0.00;0.00
253;ROTACIONI STOL ZA KITANJE;10;1008;Ostala oprema;2004-02-06;2004-03-01;03010;03901;15300.00;15300.00;0.00;0.00
256;AUTRONIC 1025 B;50;1003;Elekt. Računala, oprema i mobi;2004-11-09;2004-12-01;03110;03902;3901.73;3901.73;0.00;0.00
257;PRINTER OKI C3100;50;1003;Elekt. Računala, oprema i mobi;2004-12-11;2004-12-11;03110;03902;2999.00;2999.00;0.00;0.00
259;STROJ ZA VARENJE-ČIŠĆENJE;10;1008;Ostala oprema;2004-12-20;2005-07-01;03010;03901;986459.03;986459.03;0.00;33001.25
261;VAKUMIRKA ZA PANELE;10;1008;Ostala oprema;2004-01-01;2004-01-01;03010;03901;651632.64;651632.64;0.00;456.96
262;PREŠA MALA ZA PANELE;10;1008;Ostala oprema;2004-01-01;2004-01-01;03010;03901;91757.92;91757.92;0.00;3816.52
263;PROIZVODNI PROSTOR 187,5M;5;1001;Građevinski objekti visokograd;2004-01-01;2004-01-01;02310;03910;501828.40;316151.64;185676.76;25091.40
264;PERILICA H-1000;10;1008;Ostala oprema;2004-01-01;2004-01-01;03010;03901;146232.85;146232.85;0.00;0.00
265;ALAT TOPLINE;10;1008;Ostala oprema;2004-01-01;2004-01-01;03010;03901;26442.53;26442.53;0.00;0.00
266;KALUP DORA;10;1008;Ostala oprema;2004-01-01;2004-01-01;03270;03970;28700.50;28700.50;0.00;0.00
267;KALUP ZORA ZA IZRADU PANE;10;1008;Ostala oprema;2004-01-01;2004-01-01;03270;03970;26253.79;26253.79;0.00;0.00
268;KALUP GEROVIT ZA IZRADU P;10;1008;Ostala oprema;2004-01-01;2004-01-01;03270;03970;27324.23;27324.23;0.00;0.00
269;KALUP KOLEDA ZA IZRADU PA;10;1008;Ostala oprema;2004-01-01;2004-01-01;03270;03970;30841.39;30841.39;0.00;0.00
270;KALUP LADA ZA IZRADU PANE;10;1008;Ostala oprema;2004-01-01;2004-01-01;03270;03970;30841.39;30841.39;0.00;0.00
271;KALUP LAVOGLAV ZA IZRADU;10;1008;Ostala oprema;2004-01-01;2004-01-01;03270;03970;28012.37;28012.37;0.00;0.00
272;KAMERA SONY DCR PC 330;10;1008;Ostala oprema;2004-01-21;2004-02-01;03100;03908;9639.34;9639.34;0.00;0.00
273;PC INTEL P4 CPUP4800-28P;50;1003;Elekt. Računala, oprema i mobi;2004-04-21;2004-05-01;03110;03902;13098.04;13098.04;0.00;0.00
275;UREDSKI NAMJEŠTAJ TREŠNJA;20;1004;Namještaj(uredski,pogonski);2004-05-31;2004-06-01;03210;03911;5750.80;5750.80;0.00;0.00
276;PC CELERON 2,4 256 40;50;1003;Elekt. Računala, oprema i mobi;2004-07-06;2004-08-01;03110;03902;4331.14;4331.14;0.00;0.00
277;GILERA NEXUS 500;20;1005;Osobna vozila;2004-06-16;2004-07-01;03200;03920;40975.41;40975.41;0.00;0.00
279;UREDSKI NAMJEŠTAI SIVO;20;1004;Namještaj(uredski,pogonski);2004-06-03;2004-07-01;03210;03911;16807.20;16807.20;0.00;0.00
282;KALUP NEVA ZA IZRADZ PANE;10;1008;Ostala oprema;2004-01-01;2004-01-01;03270;03970;19907.61;19907.61;0.00;0.00
283;KALUP STRIBOR ZA IZRADU P;10;1008;Ostala oprema;2004-01-01;2004-01-01;03270;03970;29082.81;29082.81;0.00;0.00
284;KALUP STRIJELJKA ZA IZRAD;10;1008;Ostala oprema;2004-01-01;2004-01-01;03270;03970;27706.53;27706.53;0.00;0.00
285;KALUP VIDA ZA IZRADU PANE;10;1008;Ostala oprema;2004-01-01;2004-01-01;03270;03970;23042.47;23042.47;0.00;0.00
286;KALUP VESNA ZA IZRADU PAN;10;1008;Ostala oprema;2004-01-01;2004-01-01;03270;03970;27706.53;27706.53;0.00;0.00
287;KALUP SVANTEVID ZA IZRAD;10;1008;Ostala oprema;2004-01-01;2004-01-01;03270;03970;28700.51;28700.51;0.00;0.00
288;KALUP KOLEDA BOČNI ZA IZR;10;1008;Ostala oprema;2004-01-01;2004-01-01;03270;03970;30841.32;30841.32;0.00;0.00
289;KALUP DORA BOČNI ZA IZRAD;10;1008;Ostala oprema;2004-01-01;2004-01-01;03270;03970;20519.29;20519.29;0.00;0.00
290;KALUP SVANTEVID BOČNI;10;1008;Ostala oprema;2004-01-01;2004-01-01;03270;03970;20519.29;20519.29;0.00;0.00
291;KALUP UNI BOČNI ZA IZRADU;10;1008;Ostala oprema;2004-01-01;2004-01-01;03270;03970;20672.21;20672.21;0.00;0.00
292;REGAL PRIMA BUKVA;20;1004;Namještaj(uredski,pogonski);2004-08-10;2004-09-01;03210;03911;1017.05;1017.05;0.00;0.00
293;KLIMA UREĐAJ GREE KFR;10;1008;Ostala oprema;2004-08-14;2004-09-01;03030;03906;3073.77;3073.77;0.00;0.00
294;FAZ 2800 CENTAR ZA OKIVAN;10;1008;Ostala oprema;2004-12-31;2005-07-01;03010;03901;178024.66;176547.18;1477.48;17802.48
295;GLS 192 PILA ZA GLAS LAJS;50;1010;Softveri;2004-12-31;2005-07-01;03010;03901;57772.34;57772.34;0.00;0.00
296;AMS 200 MJERNI UREĐAJ;10;1008;Ostala oprema;2004-12-31;2005-07-01;03010;03901;89576.89;88833.18;743.71;8957.64
297;VE 3000 UREĐAJ ZA KONTROL;10;1008;Ostala oprema;2004-12-31;2005-07-01;03010;03901;59379.97;58886.94;493.03;5937.96
298;MMS 200 MJERNI SUSTAV 3,M;10;1008;Ostala oprema;2004-12-31;2005-07-01;03010;03901;25562.37;25350.18;212.19;2556.24
299;MMS 200 MJERNI SUSTAV 4,5;10;1008;Ostala oprema;2004-12-31;2005-07-01;03010;03901;31138.28;30880.14;258.14;3113.88
300;AF 221 GLODALICA ZA KVAKE;10;1008;Ostala oprema;2004-12-31;2005-07-01;03010;03901;31363.29;31102.92;260.37;3136.32
304;ZGRADA IZRADE PANELA;5;1001;Građevinski objekti visokograd;2004-01-01;2004-02-01;02310;03910;975948.75;644125.68;331823.07;48797.40
305;KLAES PROGRAM;50;1010;Softveri;2005-05-31;2005-06-01;01200;01930;246063.26;246063.26;0.00;0.00
306;KRUŽNA PILA;10;1008;Ostala oprema;2005-04-12;2005-05-01;03010;03901;6547.00;6547.00;0.00;545.20
307;STROJNI UVIJAČ;10;1008;Ostala oprema;2005-05-24;2005-06-01;03010;03901;5718.24;5718.24;0.00;547.84
308;VODILICA ZA SAVIJANJE PRO;10;1008;Ostala oprema;2005-06-21;2005-07-01;03010;03901;22578.11;22390.86;187.25;2257.80
309;PERILICA ZA STAKLO;10;1008;Ostala oprema;2005-04-23;2005-09-01;03010;03901;82500.00;79752.72;2747.28;8250.00
310;VARTIKALNA GLODALICA;10;1008;Ostala oprema;2005-09-19;2005-10-01;03010;03901;3165.00;3020.52;144.48;316.56
311;RAČUNALO 2 KOM;50;1003;Elekt. Računala, oprema i mobi;2005-03-22;2005-04-01;03110;03902;8932.12;8932.12;0.00;0.00
312;MONITOR LCD;50;1003;Elekt. Računala, oprema i mobi;2005-09-03;2005-10-01;03110;03902;2859.00;2859.00;0.00;0.00
313;RAČUNALO;50;1003;Elekt. Računala, oprema i mobi;2005-11-14;2005-12-01;03110;03902;3733.27;3733.27;0.00;0.00
314;RAČUNALO M51 P2 TEHNIKCEN;50;1003;Elekt. Računala, oprema i mobi;2005-12-14;2006-01-01;03110;03902;10180.00;10180.00;0.00;0.00
315;USISAVAČ ZA PILJEVINU;10;1008;Ostala oprema;2005-05-16;2005-06-01;03230;03904;3194.26;3194.26;0.00;0.00
316;RUČNI POMETAČ;10;1008;Ostala oprema;2005-07-13;2005-08-01;03230;03904;2813.11;2813.11;0.00;0.00
317;BLANJALICA;10;1008;Ostala oprema;2005-09-03;2005-10-01;03230;03904;5146.72;5146.72;0.00;0.00
319;RENAULT MASTER 3;25;1007;Vozila teretna i kombi vozila;2005-07-29;2005-08-01;03203;03903;0.00;0.00;0.00;0.00
320;STROJ ZA REZANJE PVC-A;10;1008;Ostala oprema;2005-01-27;2005-07-01;03010;03901;338005.72;335200.02;2805.70;33800.52
321;STROJ ZA REZANJE ŽELJEZA;10;1008;Ostala oprema;2005-01-27;2005-07-01;03010;03901;68027.96;67463.34;564.62;6802.80
323;KOLICA ZA PROIZ.POGON;20;1004;Namještaj(uredski,pogonski);2005-07-04;2005-08-01;03010;03901;57573.98;57573.98;0.00;0.00
325;HLADNJAK;10;1008;Ostala oprema;2005-05-16;2005-06-01;03100;03908;13441.80;13441.80;0.00;0.00
326;SERVER;10;1008;Ostala oprema;2005-07-04;2005-08-01;03120;03912;82465.68;82465.68;0.00;0.00
327;PODSTOLNA PILA;10;1008;Ostala oprema;2005-07-18;2005-08-01;03230;03904;22000.00;22000.00;0.00;0.00
328;PRILAZNI PUT HALI II;5;1002;Građevinski objekti niskogradn;2005-12-31;2006-01-01;02360;03960;165959.37;94049.52;71909.85;8298.00
329;OGRADA ZGB;5;1002;Građevinski objekti niskogradn;2005-03-31;2005-04-01;02350;03950;11241.60;6792.12;4449.48;562.08
330;HALA III;5;1001;Građevinski objekti visokograd;2005-06-30;2005-07-01;02310;03910;3082925.00;1741852.56;1341072.44;154146.24
331;HIDRATANTSKA MREŽA;10;1008;Ostala oprema;2005-12-31;2006-01-01;03020;03905;240401.46;240401.46;0.00;0.00
332;MONTAŽNA ZGRADA ZGB;5;1001;Građevinski objekti visokograd;2005-03-31;2005-04-01;02300;03900;32996.32;22271.97;10724.35;1649.76
333;AUTOMATSKA KOPIRKA ELUMAT;10;1008;Ostala oprema;2006-06-01;2006-07-01;03010;03901;272655.36;272655.36;0.00;9643.95
334;KRUŽNA PILA CAMA;10;1008;Ostala oprema;2006-07-20;2006-08-01;03010;03901;6115.00;6115.00;0.00;292.82
336;LAPTOP THINKPAD Z60M 2.0G;50;1003;Elekt. Računala, oprema i mobi;2006-02-16;2006-03-01;03110;03902;11449.50;11449.50;0.00;0.00
337;"MONITOR L171 17""LCD BLACK";50;1003;Elekt. Računala, oprema i mobi;2006-03-24;2006-04-01;03110;03902;3726.74;3726.74;0.00;0.00
338;THINKCENTRE A51 - PN VKL7;50;1003;Elekt. Računala, oprema i mobi;2006-03-24;2006-04-01;03110;03902;3474.90;3474.90;0.00;0.00
339;LENOVO TC A52 3.00G 2MB;50;1003;Elekt. Računala, oprema i mobi;2006-03-24;2006-04-01;03110;03902;5828.90;5828.90;0.00;0.00
341;KOPIRKA CANON IR-2016;50;1003;Elekt. Računala, oprema i mobi;2006-05-02;2006-06-01;03110;03902;11484.88;11484.88;0.00;0.00
342;PC IBM TNINKCENTRE2 KOM;50;1003;Elekt. Računala, oprema i mobi;2006-05-20;2006-06-01;03110;03902;8343.43;8343.43;0.00;0.00
345;THINCENTRE A52 2.8H 512MB;50;1003;Elekt. Računala, oprema i mobi;2006-09-01;2006-10-01;03110;03902;7778.20;7778.20;0.00;0.00
346;PRINTER FAX SCENNER LASER;50;1003;Elekt. Računala, oprema i mobi;2006-09-26;2006-10-01;03110;03902;2374.59;2374.59;0.00;0.00
347;LASERBASE MF-5770 PRINTER;50;1003;Elekt. Računala, oprema i mobi;2006-10-27;2006-11-01;03110;03902;2663.51;2663.51;0.00;0.00
348;THINCENTRE A52 D2.8 512MB;50;1003;Elekt. Računala, oprema i mobi;2006-12-14;2007-01-01;03110;03902;19247.31;19247.31;0.00;0.00
349;KLIMA QUADRO ACM-29;10;1008;Ostala oprema;2006-06-27;2006-07-01;03030;03906;3440.98;3440.98;0.00;129.58
350;KLIMA GREE KFR35GW;10;1008;Ostala oprema;2006-07-11;2006-12-01;03030;03906;6049.18;6049.18;0.00;541.89
351;AGREGAT FSF 30 RS 4590;10;1008;Ostala oprema;2006-02-04;2006-03-01;03020;03905;3277.87;3277.87;0.00;0.00
353;NAMJEŠTAJ ZADAR;20;1004;Namještaj(uredski,pogonski);2007-06-02;2006-12-01;03210;03911;5799.52;5799.52;0.00;0.00
354;NAMJEŠTAJ ZAGREB;20;1004;Namještaj(uredski,pogonski);2006-07-05;2006-08-01;03210;03911;4987.84;4987.84;0.00;0.00
355;RENO MASTER DCI 120;25;1007;Vozila teretna i kombi vozila;2006-02-27;2006-04-01;03203;03903;112610.42;112610.42;0.00;0.00
362;GOLF TDI 4;20;1005;Osobna vozila;2006-09-25;2006-10-01;03200;03920;34912.00;34912.00;0.00;0.00
363;MERCEDES SPRINTER 311 CDI;25;1007;Vozila teretna i kombi vozila;2006-11-15;2006-12-01;03203;03903;0.00;0.00;0.00;0.00
365;FIAT PUNTO 5;20;1005;Osobna vozila;2006-12-16;2007-01-01;03200;03920;0.00;0.00;0.00;0.00
366;GRAĐEVINSKI OBJEKAT-ZADAR;5;1001;Građevinski objekti visokograd;2006-08-03;2006-12-01;02300;03900;1534800.00;772516.00;762284.00;76740.00
367;THINKPAD R52 1.7g 512MB;50;1003;Elekt. Računala, oprema i mobi;2006-05-26;2006-06-01;03110;03902;6749.00;6749.00;0.00;0.00
368;THINKPAD R51e256MB UR16LC;50;1003;Elekt. Računala, oprema i mobi;2006-05-26;2006-06-01;03110;03902;25734.34;25734.34;0.00;0.00
369;SKENER BAZA 433 MHZ M100;10;1008;Ostala oprema;2007-11-22;2007-12-01;03010;03901;3492.00;3171.90;320.10;349.20
371;STOLICE BIJELA KOŽA;20;1004;Namještaj(uredski,pogonski);2007-05-29;2007-06-01;03210;03911;4095.00;4095.00;0.00;0.00
372;nadstrešnica 2.;5;1001;Građevinski objekti visokograd;2007-06-29;2007-07-01;02310;03910;51106.20;10903.59;40202.61;2555.28
373;Parkiralište-cesta;5;1002;Građevinski objekti niskogradn;2007-07-10;2007-08-01;02360;03960;61723.00;29157.32;32565.68;3086.16
374;CIRKULARNA PILA;10;1008;Ostala oprema;2007-06-05;2007-07-01;03010;03901;10741.19;10204.14;537.05;1074.12
375;TELEVIZOR IZLOG;50;1003;Elekt. Računala, oprema i mobi;2007-03-01;2007-04-01;03110;03902;2213.11;2213.11;0.00;0.00
376;IBM KOMPJUTER;50;1003;Elekt. Računala, oprema i mobi;2007-04-24;2007-05-01;03110;03902;8376.00;8376.00;0.00;0.00
377;PC LONOVA;50;1003;Elekt. Računala, oprema i mobi;2007-06-15;2007-07-01;03110;03902;3884.51;3884.51;0.00;0.00
378;DIG.PAN.DCM-TZ 3-SREVRNI;50;1003;Elekt. Računala, oprema i mobi;2007-06-20;2007-07-01;03110;03902;2514.50;2514.50;0.00;0.00
379;PERILICA MONOFOLOW 200L;10;1008;Ostala oprema;2007-04-02;2007-05-01;03010;03901;62530.00;60445.28;2084.72;6252.96
380;KLIMA LG ES-H126;10;1008;Ostala oprema;2007-08-07;2007-09-07;03030;03906;4198.05;3917.76;280.29;419.76
381;KOSILICA 4 KS;10;1008;Ostala oprema;2007-05-07;2007-06-01;03220;03922;1884.43;1805.50;78.93;188.40
382;PILA KRUŽNA PKU250/2,7DN-;10;1008;Ostala oprema;2007-06-27;2007-07-01;03230;03904;19979.10;18813.37;1165.73;1997.88
383;BUŠILICA MAKITA HR 3000C;10;1008;Ostala oprema;2007-07-23;2007-08-01;03230;03904;3239.26;3049.87;189.39;323.88
384;BUŠILICA ČEKIĆ;10;1008;Ostala oprema;2007-09-14;2007-10-01;03230;03904;7278.91;6733.26;545.65;727.92
387;RENO MASTER R-8 532 DU;25;1007;Vozila teretna i kombi vozila;2007-05-31;2007-07-01;03203;03903;128341.61;128341.61;0.00;0.00
388;RENO MASTER R-1 531 DU;25;1007;Vozila teretna i kombi vozila;2007-06-11;2007-07-01;03203;03903;128341.61;128341.61;0.00;0.00
389;IVECO 9  832 EA;25;1007;Vozila teretna i kombi vozila;2007-09-14;2007-10-01;03203;03903;109689.04;109689.04;0.00;0.00
391;RAV-4 toyota;20;1005;Osobna vozila;2007-04-01;2007-05-01;03200;03920;238882.93;238882.93;0.00;0.00
393;BUŠILICA KUTNA AKU 12 V;10;1008;Ostala oprema;2007-11-30;2007-12-01;03230;03904;4020.50;3651.50;369.00;402.00
394;GATEWAY GSM MREŽNI UREĐAJ;50;1003;Elekt. Računala, oprema i mobi;2007-12-31;2008-01-01;03110;03902;6180.00;6180.00;0.00;0.00
396;NAMJEŠTAJ BJELOVAR;20;1004;Namještaj(uredski,pogonski);2007-03-16;2007-04-01;03210;03911;26670.00;26670.00;0.00;0.00
398;MREŽNA NADOGRADNJA;50;1003;Elekt. Računala, oprema i mobi;2007-08-14;2007-09-01;03110;03902;8913.60;8913.60;0.00;0.00
399;NADOGRADNJA CENT.GRIJANJA;10;1008;Ostala oprema;2007-03-14;2007-04-01;03020;03905;12879.97;10786.83;2093.14;1287.96
401;STOLICA BIJELA KOŽNA;20;1004;Namještaj(uredski,pogonski);2007-05-29;2007-06-01;03210;03911;14580.00;14580.00;0.00;0.00
403;OBRADNI CENTAR SBZ 608;10;1008;Ostala oprema;2007-06-13;2007-07-01;03010;03901;982703.75;933568.80;49134.95;98270.40
408;STOL ZA UGRADNJU OKOVA;10;1008;Ostala oprema;2006-12-29;2007-07-01;03010;03901;120439.44;114417.24;6022.20;12043.92
409;SOFTWARE KLAES;50;1010;Softveri;2008-04-30;2008-05-01;01200;01930;33596.00;33596.00;0.00;0.00
410;SOFTWARE VAMOS I KLAES;50;1010;Softveri;2008-12-16;2009-01-01;01200;01930;132530.92;132530.92;0.00;0.00
411;EL.INSTALACIJE U ZAGREBU;5;1001;Građevinski objekti visokograd;2008-05-02;2008-06-01;02300;03900;29669.00;15081.64;14587.36;1483.44
412;INSTAL. ZEMNOG PLINA;5;1001;Građevinski objekti visokograd;2008-05-27;2008-06-01;02300;03900;4000.00;2033.55;1966.45;200.04
413;DOGRADNJA POS.OBJEKTA BJ;5;1001;Građevinski objekti visokograd;2008-05-27;2008-06-01;02300;03900;23400.00;10042.50;13357.50;1170.00
414;KANCELARIJA II;5;1001;Građevinski objekti visokograd;2007-12-31;2008-03-01;02300;03900;847589.67;372869.92;474719.75;42379.44
415;ASF.PLATOA I DR. RADOVI;5;1002;Građevinski objekti niskogradn;2008-12-23;2009-01-01;02360;03960;92988.25;37195.20;55793.05;4649.40
416;GRIJAČI ZA VAKUMIRKU;10;1008;Ostala oprema;2008-06-30;2008-07-01;03010;03901;13402.00;11391.36;2010.64;1340.16
417;ČITAČ EL. IMPULSA;10;1008;Ostala oprema;2008-09-03;2008-10-01;03010;03901;5400.00;4455.00;945.00;540.00
418;ŠTANCA ZA ALUMINIJ;10;1008;Ostala oprema;2008-09-30;2008-10-01;03010;03901;10000.00;8249.67;1750.33;999.96
419;LEŽAJ LINEA;10;1008;Ostala oprema;2008-10-13;2008-11-01;03010;03901;13392.00;10936.80;2455.20;1339.20
420;OMC FREZER ZA PREČKE;10;1008;Ostala oprema;2008-10-20;2008-11-01;03010;03901;10805.00;8823.92;1981.08;1080.48
421;AUT.FRONTALNA PILA;10;1008;Ostala oprema;2008-10-20;2008-11-01;03010;03901;38978.00;31832.36;7145.64;3897.84
422;SKELA;10;1008;Ostala oprema;2008-09-19;2008-10-01;03220;03922;13701.58;11303.82;2397.76;1370.16
423;RAČUNALO X2, NENA I JASNA;50;1003;Elekt. Računala, oprema i mobi;2008-01-16;2008-02-01;03110;03902;11065.57;11065.57;0.00;0.00
424;RAČUNALO X2, VJEKO, PETAR;50;1003;Elekt. Računala, oprema i mobi;2008-01-24;2008-02-01;03110;03902;10245.90;10245.90;0.00;0.00
425;RAČUNALO ZVJEZDAN;50;1003;Elekt. Računala, oprema i mobi;2008-02-19;2008-03-01;03110;03902;5186.52;5186.52;0.00;0.00
426;RAČUNALO ZA PANETU;50;1003;Elekt. Računala, oprema i mobi;2008-03-17;2008-04-01;03110;03902;2169.00;2169.00;0.00;0.00
427;RAČUNALO HP;50;1003;Elekt. Računala, oprema i mobi;2008-03-17;2008-04-01;03110;03902;2169.00;2169.00;0.00;0.00
428;KOPIRNI, SKENER, FAX ANA;50;1003;Elekt. Računala, oprema i mobi;2008-03-27;2008-04-01;03110;03902;3390.00;3390.00;0.00;0.00
429;BROJAČ NOVČANICA;50;1003;Elekt. Računala, oprema i mobi;2008-04-14;2008-05-01;03110;03902;2960.00;2960.00;0.00;0.00
430;FAX - L 140 CANON;50;1003;Elekt. Računala, oprema i mobi;2008-05-08;2008-06-01;03110;03902;2307.85;2307.85;0.00;0.00
431;PRINTER COLOR LASER;50;1003;Elekt. Računala, oprema i mobi;2008-05-21;2008-06-01;03110;03902;6990.00;6990.00;0.00;0.00
432;LAPTOP LENOVO;50;1003;Elekt. Računala, oprema i mobi;2008-07-10;2008-08-01;03110;03902;5906.56;5906.56;0.00;0.00
433;AUTO ZVUČNICI MLK 165 X2;50;1003;Elekt. Računala, oprema i mobi;2008-10-21;2008-11-01;03110;03902;3532.82;3532.82;0.00;0.00
434;LAPTOP LENOVO T400;50;1003;Elekt. Računala, oprema i mobi;2008-10-24;2008-11-01;03110;03902;9606.52;9606.52;0.00;0.00
435;MOBITEL NOKIA N95 8GB NAV;50;1003;Elekt. Računala, oprema i mobi;2008-12-01;2009-01-01;03110;03902;2375.41;2375.41;0.00;0.00
436;RAČUNALO  VE-MIL;50;1003;Elekt. Računala, oprema i mobi;2008-12-05;2009-01-01;03110;03902;2145.08;2145.08;0.00;0.00
437;KLIMA UREĐAJ X4;10;1008;Ostala oprema;2008-06-05;2008-07-01;03030;03906;14827.56;12603.12;2224.44;1482.72
438;VENTILATOR X4;10;1008;Ostala oprema;2008-07-17;2008-08-01;03020;03905;13936.60;11730.14;2206.46;1393.68
439;AGREGAT HONDA EU 20i;10;1008;Ostala oprema;2008-08-01;2008-09-01;03020;03905;8991.80;7493.00;1498.80;899.16
440;HIDRANT, VIJEVI I MLAZNIC;10;1008;Ostala oprema;2008-02-05;2008-03-01;03020;03905;3441.00;3040.08;400.92;344.16
441;INSTALACIJE I RADOVI;10;1008;Ostala oprema;2008-12-05;2009-01-01;03020;03905;65563.52;52450.56;13112.96;6556.32
442;PILA KRUŽNA KGS 303;10;1008;Ostala oprema;2008-02-05;2008-03-01;03230;03904;3659.25;3231.94;427.31;365.88
443;PILA UBODNA PS-300EQ PLUS;10;1008;Ostala oprema;2008-07-01;2008-08-01;03230;03904;2204.95;1855.37;349.58;220.44
444;KONTEJNER OTVORENI 5,5M3;10;1008;Ostala oprema;2008-02-20;2008-03-01;03220;03922;4972.50;4392.64;579.86;497.28
445;STALAK ZA BAČVE;10;1008;Ostala oprema;2008-04-11;2008-05-01;03220;03922;2094.75;1815.84;278.91;209.52
446;LADIČARI 2KOM;20;1004;Namještaj(uredski,pogonski);2008-06-12;2008-07-01;03210;03911;2423.88;2423.88;0.00;0.00
447;ORMARIĆI ZA REGISTRATORE;20;1004;Namještaj(uredski,pogonski);2008-07-20;2008-08-01;03210;03911;2426.23;2426.23;0.00;0.00
448;ORMAR ZA REGISTRATORE;20;1004;Namještaj(uredski,pogonski);2008-08-08;2008-09-01;03210;03911;7131.15;7131.15;0.00;0.00
449;STALAK KIŠOBRANI, GARDERO;20;1004;Namještaj(uredski,pogonski);2008-10-30;2008-11-01;03210;03911;4023.00;4023.00;0.00;0.00
450;GARD.STALAK I ORMAR;20;1004;Namještaj(uredski,pogonski);2008-10-30;2008-11-01;03210;03911;7064.00;7064.00;0.00;0.00
451;POLICE ZA REGISTRATORE;20;1004;Namještaj(uredski,pogonski);2008-11-07;2008-12-01;03210;03911;3705.73;3705.73;0.00;0.00
452;OPEL CORSA BJ 994 EB;25;1007;Vozila teretna i kombi vozila;2008-02-04;2008-03-01;03203;03903;0.00;0.00;0.00;0.00
453;FIAT PUNTO BJ460EC P2;25;1007;Vozila teretna i kombi vozila;2008-02-15;2008-03-01;03203;03903;29247.00;29247.00;0.00;0.00
455;RENAULT R11 BJ513EC;25;1007;Vozila teretna i kombi vozila;2008-03-19;2008-04-01;03203;03903;126780.36;126780.36;0.00;0.00
456;RENAULT R12 BJ514EC;25;1007;Vozila teretna i kombi vozila;2008-03-19;2008-04-01;03203;03903;125580.65;125580.65;0.00;0.00
457;RENAULT MAST.R13 BJ623EC;25;1007;Vozila teretna i kombi vozila;2008-03-31;2008-04-01;03203;03903;129571.39;129571.39;0.00;0.00
458;PEUGEOT BOXER BJ940EH P14;25;1007;Vozila teretna i kombi vozila;2008-12-10;2009-01-01;03203;03903;130829.14;130829.14;0.00;0.00
459;PEUGEOT BOXER BJ941EH P15;25;1007;Vozila teretna i kombi vozila;2008-12-16;2009-01-01;03203;03903;128559.02;128559.02;0.00;0.00
461;MOTORNI BROD SEA RAY 315;10;1012;Brodice, jahte;2008-06-24;2008-07-01;03208;03909;334355.50;332851.90;1503.60;33435.60
462;ČAMAC SD 230;10;1012;Brodice, jahte;2008-07-15;2008-08-01;03208;03909;3000.00;2950.00;50.00;300.00
463;KLIMA TOSHIBA 2,7/2,9 HL;10;1008;Ostala oprema;2008-10-20;2008-11-01;03030;03906;6153.00;5025.44;1127.56;615.36
465;ČITAČ BARKODA 4,33MHz OM;10;1008;Ostala oprema;2009-03-23;2009-04-01;03010;03901;3757.50;2911.83;845.67;375.72
466;BRZI SISTEM ZA ZAMJENU;10;1008;Ostala oprema;2009-05-22;2009-06-01;03010;03901;4410.00;3344.25;1065.75;441.00
468;KOMPRESOR VIJČANI RT 30.1;10;1008;Ostala oprema;2009-10-27;2009-11-01;03010;03901;26850.00;19242.50;7607.50;2685.00
469;UREDSKI NAMJEŠTAJ;20;1004;Namještaj(uredski,pogonski);2009-11-03;2009-12-01;03210;03911;5195.12;5195.12;0.00;0.00
470;GOLF 1.9 TDI GT SPORT;20;1005;Osobna vozila;2009-03-12;2009-04-01;03200;03920;130010.94;130010.94;0.00;0.00
472;NAMJEŠTAJ POŽEGA;20;1004;Namještaj(uredski,pogonski);2009-06-02;2009-07-01;03210;03911;3717.35;3717.35;0.00;0.00
473;UREDSKI NAMJEŠTAJ;20;1004;Namještaj(uredski,pogonski);2009-08-31;2009-09-01;03210;03911;2045.90;2045.90;0.00;0.00
474;PLINSKA PEĆ ELMA;10;1008;Ostala oprema;2009-10-22;2009-11-01;03020;03905;2434.96;1724.66;710.30;243.48
475;BAR CODE PRINTR INTERMEC;10;1008;Ostala oprema;2009-11-04;2009-12-01;03010;03901;12980.00;9140.36;3839.64;1298.04
476;ČITAČ BAR CODA;10;1008;Ostala oprema;2009-11-04;2009-12-01;03010;03901;5132.00;3614.06;1517.94;513.24
477;FAX ZA KUTINU;50;1003;Elekt. Računala, oprema i mobi;2009-10-09;2009-11-01;03110;03902;2814.60;2814.60;0.00;0.00
478;AUTOCAD LT 2010 2 KOM;50;1010;Softveri;2009-05-20;2009-06-01;01200;01930;16131.00;16131.00;0.00;0.00
479;SEPARATOR-ODVAJAČ TALOGA;10;1008;Ostala oprema;2009-02-27;2009-03-01;03020;03905;24344.93;18055.48;6289.45;2434.44
480;BUŠILICA ZX7045A;10;1008;Ostala oprema;2009-06-24;2009-07-01;03010;03901;11990.00;8992.80;2997.20;1199.04
481;IBM SERVER;50;1003;Elekt. Računala, oprema i mobi;2009-02-09;2009-03-01;03110;03902;197574.92;197574.92;0.00;0.00
482;PS LENOVA THINKCENTRE A57;50;1003;Elekt. Računala, oprema i mobi;2009-05-18;2009-06-01;03110;03902;4458.20;4458.20;0.00;0.00
483;PC IBM A57SDJ8PCR WINXP;50;1003;Elekt. Računala, oprema i mobi;2009-06-16;2009-07-01;03110;03902;9062.69;9062.69;0.00;0.00
484;TELEFAKS CANON L160 SA PR;50;1003;Elekt. Računala, oprema i mobi;2009-07-10;2009-08-01;03120;03912;2032.05;2032.05;0.00;0.00
485;PC LENOVO THINKCENTRE A57;50;1003;Elekt. Računala, oprema i mobi;2009-08-28;2009-09-01;03110;03902;5285.90;5285.90;0.00;0.00
486;PS LENOVO A58 WIN XP;50;1003;Elekt. Računala, oprema i mobi;2009-10-23;2009-11-01;03110;03902;4139.84;4139.84;0.00;0.00
487;APARAT ZA ZAVARIVANJE 180;10;1008;Ostala oprema;2009-05-28;2009-06-01;03230;03904;3277.87;2486.12;791.75;327.84
488;BUŠILICA ČEKIĆ 5 KOM;10;1008;Ostala oprema;2009-10-28;2009-11-01;03230;03904;4220.00;3024.62;1195.38;422.04
489;BUŠILICA ČEKIĆ GBH 2400;10;1008;Ostala oprema;2009-10-21;2009-11-01;03230;03904;1688.00;1210.02;477.98;168.84
490;BOW-THRUSTERQUICK 40 KGF;10;1012;Brodice, jahte;2009-05-19;2009-06-01;03208;03909;17694.12;14450.10;3244.02;1769.40
491;AutoCAD LT 2010 1 kom;50;1011;Računala,programimmob.telef.op;2010-02-09;2010-03-01;01200;01930;9760.00;9760.00;0.00;0.00
492;AUTO BMWBJ253ET;20;1005;Osobna vozila;2010-08-01;2010-08-01;03200;03920;0.00;0.00;0.00;0.00
493;Usisavač FT 200 1,1 kW;10;1008;Ostala oprema;2010-02-25;2010-03-01;03230;03904;2950.00;2015.56;934.44;294.96
494;PC LENOVO 0403 A58 DESKT;50;1003;Elekt. Računala, oprema i mobi;2010-02-03;2010-03-01;03110;03902;3773.00;3773.00;0.00;0.00
496;Ručni stroj za spajanje A;10;1008;Ostala oprema;2010-03-24;2010-04-01;03010;03901;4355.00;2939.49;1415.51;435.48
497;LENOVO G550A-5 CORE 2 DUO;50;1011;Računala,programimmob.telef.op;2010-03-30;2010-04-01;03110;03902;3495.12;3495.12;0.00;0.00
498;MULTIFUNKCIJSKI APARAT CA;50;1003;Elekt. Računala, oprema i mobi;2010-03-30;2010-04-01;03100;03908;2656.71;2656.71;0.00;0.00
499;HARD DISK SA 4 KAMERE;50;1003;Elekt. Računala, oprema i mobi;2010-04-27;2010-05-01;03110;03902;3717.23;3717.23;0.00;0.00
500;PC LENOVO , MONITOR, ZG;50;1003;Elekt. Računala, oprema i mobi;2010-05-12;2010-06-01;03110;03902;4931.84;4931.84;0.00;0.00
501;Aparat za punjenje argono;10;1008;Ostala oprema;2010-04-01;2010-04-01;03010;03901;11762.00;7743.58;4018.42;1176.24
502;Ormar za registratore;20;1004;Namještaj(uredski,pogonski);2010-02-01;2010-02-01;03210;03911;4796.75;4796.75;0.00;0.00
503;Ormarić na kotačima;20;1004;Namještaj(uredski,pogonski);2010-05-15;2010-06-01;03210;03911;626.02;626.02;0.00;0.00
504;Stalci za reklame svjetle;10;1008;Ostala oprema;2010-04-01;2010-04-01;03210;03911;5728.35;3866.94;1861.41;572.88
505;Preša za savijanje alumin;10;1008;Ostala oprema;2010-07-15;2010-08-01;03010;03901;31443.62;20176.31;11267.31;3144.36
506;PC Lenova Thinkcentre SMR;50;1003;Elekt. Računala, oprema i mobi;2010-08-18;2010-09-01;03110;03902;3749.00;3749.00;0.00;0.00
507;Monitor LCD 19 VH192D ASU;50;1003;Elekt. Računala, oprema i mobi;2010-08-18;2010-09-01;03110;03902;772.28;772.28;0.00;0.00
508;Škoda Octavia 1.9TDI osob;20;1005;Osobna vozila;2010-07-21;2010-08-01;03200;03920;0.00;0.00;0.00;0.00
509;CITROEN JUMPER II FG 35 L;25;1007;Vozila teretna i kombi vozila;2010-08-23;2010-09-01;03203;03903;0.00;0.00;0.00;0.00
510;RENAULT MASTER FG EI 333;25;1007;Vozila teretna i kombi vozila;2010-09-07;2010-10-01;03203;03903;52845.53;52845.53;0.00;0.00
511;BROJAČ NOVČANICA;10;1008;Ostala oprema;2010-10-01;2010-10-01;03100;03908;3160.00;1974.75;1185.25;315.96
512;PUMPA MONOFOLLOW;10;1008;Ostala oprema;2010-09-30;2010-10-01;03010;03901;15000.00;9375.00;5625.00;1500.00
513;Klima LG UR.CS12AF;10;1008;Ostala oprema;2010-10-01;2010-10-01;03030;03906;1469.92;918.75;551.17;147.00
514;Klima LG UR.S12AF___;10;1008;Ostala oprema;2010-10-01;2010-10-01;03030;03906;2204.88;1377.75;827.13;220.44
515;PRINTER MFP MF4690PL+fax+;50;1003;Elekt. Računala, oprema i mobi;2010-09-01;2010-09-01;03110;03902;2838.78;2838.78;0.00;0.00
516;PRINTER MFP MF4690PL+fax+;50;1003;Elekt. Računala, oprema i mobi;2010-09-01;2010-09-01;03110;03902;2132.19;2132.19;0.00;0.00
518;CITROEN BERLINGO 1.6 HDI;25;1007;Vozila teretna i kombi vozila;2010-11-01;2010-11-01;03203;03903;32926.83;32926.83;0.00;0.00
519;MFP MF4690PL+Fax+ADF+LAN+;50;1003;Elekt. Računala, oprema i mobi;2010-11-01;2010-11-01;03110;03902;2627.19;2627.19;0.00;0.00
520;Pisač LB3310 26 str/min;50;1003;Elekt. Računala, oprema i mobi;2010-11-01;2010-11-01;03110;03902;1235.43;1235.43;0.00;0.00
521;Pisač LB3310 26 str/min;50;1003;Elekt. Računala, oprema i mobi;2010-11-01;2010-11-01;03110;03902;1235.43;1235.43;0.00;0.00
522;Disk server NAS Synology;50;1003;Elekt. Računala, oprema i mobi;2010-11-01;2010-11-01;03110;03902;3990.00;3990.00;0.00;0.00
523;Ladičar pokretni sa 3 lad;20;1004;Namještaj(uredski,pogonski);2010-11-01;2010-11-01;03210;03911;1567.95;1567.95;0.00;0.00
524;Otvoreni poličar;20;1004;Namještaj(uredski,pogonski);2010-11-01;2010-11-01;03210;03911;2660.16;2660.16;0.00;0.00
525;Ladičar pokretni sa 3 lad;20;1004;Namještaj(uredski,pogonski);2010-11-01;2010-11-01;03210;03911;1594.30;1594.30;0.00;0.00
526;Kontejner 2kom;10;1008;Ostala oprema;2010-06-01;2010-06-01;03220;03922;8976.00;5909.20;3066.80;897.60
527;Škoda 1,9 TDI Octavia 2;20;1005;Osobna vozila;2010-12-01;2010-12-01;03200;03920;51951.22;51951.22;0.00;0.00
528;Škoda 1,9 TDI Octavia 3;20;1005;Osobna vozila;2010-12-01;2010-12-01;03200;03920;51951.22;51951.22;0.00;0.00
529;Lenovo G550L-2 Dual core;50;1003;Elekt. Računala, oprema i mobi;2010-12-01;2010-12-01;03110;03902;3088.62;3088.62;0.00;0.00
530;CENTRALA Panasonic KX-T D;25;1006;Telefoni-centrala;2010-12-01;2011-01-01;03120;03912;14235.00;14235.00;0.00;0.00
532;Fiat punto 1.3BJ869EV;25;1007;Vozila teretna i kombi vozila;2010-12-01;2011-01-01;03203;03903;28861.79;28861.79;0.00;0.00
533;SKELA;10;1008;Ostala oprema;2011-03-01;2011-03-01;03160;03907;8590.00;5010.60;3579.40;858.96
535;PILA TRAČNA;10;1008;Ostala oprema;2011-05-01;2011-05-01;03010;03901;3942.28;2233.80;1708.48;394.20
536;SERVER;50;1003;Elekt. Računala, oprema i mobi;2011-05-01;2011-05-01;03110;03902;22262.35;22262.35;0.00;0.00
537;LICENCA;25;1009;Licence;2011-05-01;2011-05-01;00;01910;4557.14;4557.14;0.00;0.00
538;KOMPRESOR VIJČANI BABATZ;10;1008;Ostala oprema;2011-03-01;2011-03-01;03010;03901;49900.00;29108.10;20791.90;4989.96
539;LICENCE;25;1009;Licence;2011-05-01;2011-05-01;00;01910;7654.24;7654.24;0.00;0.00
540;Tucanik za parkiralište;5;1002;Građevinski objekti niskogradn;2011-06-01;2011-06-01;02360;03960;57939.37;16221.43;41717.94;2896.92
541;STOLNO RAČUNALO HP 500B;50;1011;Računala,programimmob.telef.op;2011-04-28;2011-05-01;03110;03902;2161.83;2161.83;0.00;0.00
542;SKELA Baumax;10;1008;Ostala oprema;2011-08-01;2011-08-01;03160;03907;6290.21;3407.30;2882.91;629.04
543;Pištolj za silikon HDT;10;1008;Ostala oprema;2011-08-01;2011-08-01;03010;03901;2885.85;1563.25;1322.60;288.60
544;Računalo INSTAR Surf;50;1003;Elekt. Računala, oprema i mobi;2011-09-01;2011-09-01;03110;03902;1195.62;1195.62;0.00;0.00
545;Klima VIVAX ACP-18CH50AEF;10;1008;Ostala oprema;2011-08-01;2011-08-01;03030;03906;3526.01;1909.70;1616.31;352.56
546;Butil extruder 2,4kg rabl;10;1008;Ostala oprema;2011-11-01;2011-11-01;03010;03901;41250.00;21312.50;19937.50;4125.00
547;KAMERE Netvision;50;1003;Elekt. Računala, oprema i mobi;2011-12-30;2012-01-01;03110;03902;28917.70;28917.70;0.00;0.00
548;Kamere licence- Netvision;25;1009;Licence;2011-12-30;2012-01-01;00;01910;12476.86;12476.86;0.00;0.22
549;Mjerni instrument EMA;10;1008;Ostala oprema;2011-12-01;2011-12-01;03010;03901;34200.15;17385.00;16815.15;3420.00
550;Compact 2 single line;10;1008;Ostala oprema;2011-12-01;2011-12-01;03010;03901;521804.10;265250.57;256553.53;52180.44
551;Dvoglava dijagonalna pila;10;1008;Ostala oprema;2011-12-01;2011-12-01;03010;03901;128411.50;65276.10;63135.40;12841.20
552;Pila za letvice GLS;10;1008;Ostala oprema;2011-12-01;2011-12-01;03010;03901;20581.40;10462.11;10119.29;2058.12
553;Montažni stol FAZ 2800;10;1008;Ostala oprema;2011-12-01;2011-12-01;03010;03901;67805.14;34467.44;33337.70;6780.48
554;Obradni centar;10;1008;Ostala oprema;2011-12-31;2012-01-01;03010;03901;672581.50;336291.00;336290.50;67258.20
555;Pila za PVC rolete -pvc p;10;1008;Ostala oprema;2012-02-01;2012-02-01;03010;03901;28091.25;13811.31;14279.94;2809.08
556;Kalup za savijanje softli;10;1008;Ostala oprema;2012-06-01;2012-06-01;03010;03901;3643.38;1669.80;1973.58;364.32
557;Balirka vertikalna Ecopre;10;1008;Ostala oprema;2012-05-01;2012-05-01;03010;03901;22900.00;10686.48;12213.52;2289.96
558;Liniski čitač bar koda;50;1003;Elekt. Računala, oprema i mobi;2012-06-01;2012-06-01;03110;03902;5066.60;5066.60;0.00;0.00
559;ProgeCAD 2011 Profesional;25;1009;Licence;2012-07-01;2012-07-01;00;01910;5760.00;5760.00;0.00;720.00
560;PREŠA ZA USTAKLJIVANJE;10;1008;Ostala oprema;2012-08-01;2012-08-01;03010;03901;10500.41;4637.50;5862.91;1050.00
561;RENAULT master BJ257FI;25;1007;Vozila teretna i kombi vozila;2012-08-01;2012-08-01;03203;03903;128000.01;128000.01;0.00;18666.54
562;RENAULT master BJ259FI;25;1007;Vozila teretna i kombi vozila;2012-08-01;2012-08-01;03203;03903;128000.01;128000.01;0.00;18666.54
563;Hladnjak Zanusi;10;1008;Ostala oprema;2012-07-01;2012-07-01;03100;03908;3271.80;1472.58;1799.22;327.24
564;Stolica trešnja-6 stolica;20;1004;Namještaj(uredski,pogonski);2012-07-01;2012-07-01;03210;03911;1532.16;1379.16;153.00;306.48
565;Stol trešnja;20;1004;Namještaj(uredski,pogonski);2012-07-01;2012-07-01;03210;03911;1599.16;1439.10;160.06;319.80
566;Fotokopirni uređaj KONICA;10;1008;Ostala oprema;2012-11-01;2012-11-01;03100;03908;11850.00;4937.50;6912.50;1185.00
567;Nadstrešnica-2012;5;1001;Građevinski objekti visokograd;2012-11-01;2012-11-01;02310;03910;52841.14;8982.68;43858.46;2642.04
568;Auto prikolica teretna;25;1007;Vozila teretna i kombi vozila;2012-11-01;2012-11-01;03203;03903;19600.00;19600.00;0.00;4083.46
569;Alati za savijanje lukova;10;1008;Ostala oprema;2012-12-01;2012-12-01;03010;03901;649.71;265.09;384.62;64.92
570;Alati za savijanje lukova;10;1008;Ostala oprema;2012-12-01;2012-12-01;03010;03901;1027.46;419.44;608.02;102.72
571;Alati za savijanje lukova;10;1008;Ostala oprema;2012-12-01;2012-12-01;03010;03901;642.16;262.15;380.01;64.20
572;Alati za savijanje lukova;10;1008;Ostala oprema;2012-12-01;2012-12-01;03010;03901;438.18;178.85;259.33;43.80
573;Alati za savijanje lukova;10;1008;Ostala oprema;2012-12-01;2012-12-01;03010;03901;491.06;200.41;290.65;49.08
574;Alati za savijanje lukova;10;1008;Ostala oprema;2012-12-01;2012-12-01;03010;03901;695.04;283.71;411.33;69.48
575;Alati za savijanje lukova;10;1008;Ostala oprema;2012-12-01;2012-12-01;03010;03901;3173.02;1295.56;1877.46;317.28
576;Alati za savijanje lukova;10;1008;Ostala oprema;2012-12-01;2012-12-01;03010;03901;1118.11;456.68;661.43;111.84
577;Alati za savijanje lukova;10;1008;Ostala oprema;2012-12-01;2012-12-01;03010;03901;271.97;111.23;160.74;27.24
578;Alati za savijanje lukova;10;1008;Ostala oprema;2012-12-01;2012-12-01;03010;03901;347.53;142.10;205.43;34.80
580;Aparat za varenje specija;10;1008;Ostala oprema;2013-03-01;2013-03-01;03010;03901;14444.90;5537.02;8907.88;1444.44
581;Projectno platno+WEB kame;10;1008;Ostala oprema;2013-03-01;2013-03-01;03100;03908;1016.98;389.62;627.36;101.64
582;Računalo instar Surf G460;50;1003;Elekt. Računala, oprema i mobi;2013-03-01;2013-03-01;03110;03902;1519.20;1519.20;0.00;0.00
583;Preša ručna za alate;10;1008;Ostala oprema;2013-04-01;2013-04-01;03230;03904;8803.20;3301.20;5502.00;880.32
584;MAN TGM BJ109FA;25;1007;Vozila teretna i kombi vozila;2013-04-01;2013-04-01;03203;03903;154227.00;144587.70;9639.30;38556.72
585;Renault master BJ714FK;25;1007;Vozila teretna i kombi vozila;2013-06-01;2013-06-01;03203;03903;129600.00;116100.00;13500.00;32400.00
586;Renault master BJ773FL;25;1007;Vozila teretna i kombi vozila;2013-06-01;2013-06-01;03203;03903;129600.00;116100.00;13500.00;32400.00
587;Renault master BJ772FL;25;1007;Vozila teretna i kombi vozila;2013-06-01;2013-06-01;03203;03903;122400.00;109650.00;12750.00;30600.00
588;Računalo fujitsu simens;50;1003;Elekt. Računala, oprema i mobi;2013-08-01;2013-08-01;03110;03902;2064.00;2064.00;0.00;0.00
590;Preša ručna aluminij;10;1008;Ostala oprema;2013-08-01;2013-08-01;03230;03904;378.00;129.15;248.85;37.80
591;Mercedes-benz S350D;20;1005;Osobna vozila;2013-08-01;2013-08-01;03200;03920;540000.00;369000.00;171000.00;108000.00
592;Računalo ASUS SABERTOOTH;50;1003;Elekt. Računala, oprema i mobi;2013-10-01;2013-10-01;03110;03902;4020.39;4020.39;0.00;0.00
593;Namještaj Koprivnica;20;1004;Namještaj(uredski,pogonski);2013-11-01;2013-11-01;03210;03911;5327.91;3374.40;1953.51;1065.60
594;Preša pneumatska aluminij;10;1008;Ostala oprema;2013-12-01;2013-12-01;03230;03904;7120.78;2195.58;4925.20;712.08
595;Stol konferencijski+ladič;20;1004;Namještaj(uredski,pogonski);2013-12-12;2014-01-01;03210;03911;3560.00;2135.88;1424.12;711.96
596;"Računalo+monitor 22""";50;1003;Elekt. Računala, oprema i mobi;2013-12-06;2014-01-01;03110;03902;1279.20;1279.20;0.00;0.00
597;Preša pneumatska aluminij;10;1008;Ostala oprema;2013-12-12;2014-01-01;03230;03904;6874.50;2062.44;4812.06;687.48
598;Fotoaparat DSLR Nikon D61;10;1008;Ostala oprema;2014-02-01;2014-02-01;03100;03908;15877.65;4630.85;11246.80;1587.72
599;Linde viličar H45D-03-600;25;1007;Vozila teretna i kombi vozila;2012-12-31;2012-12-31;03203;03903;72392.77;72392.64;0.13;18098.16
600;Intel SSD 525;50;1003;Elekt. Računala, oprema i mobi;2013-07-29;2013-08-01;03110;03902;2825.19;2825.19;0.00;0.00
602;Preša pneumatska aluminij;10;1008;Ostala oprema;2014-04-01;2014-04-01;03230;03904;6986.30;1921.26;5065.04;698.64
603;Fiat PUNTO 1.3 Furgon;25;1007;Vozila teretna i kombi vozila;2014-06-01;2014-06-01;03203;03903;18360.00;11857.50;6502.50;4590.00
604;Fiat PUNTO 1.3 Furgon;25;1007;Vozila teretna i kombi vozila;2014-06-01;2014-06-01;03203;03903;18750.00;12109.53;6640.47;4687.56
605;Fiat PUNTO 1.3 Furgon;25;1007;Vozila teretna i kombi vozila;2014-06-01;2014-06-01;03203;03903;17980.00;11611.98;6368.02;4494.96
606;Fiat PUNTO 1.3 Furgon;25;1007;Vozila teretna i kombi vozila;2014-06-01;2014-06-01;03203;03903;19510.00;12600.26;6909.74;4877.52
607;Fiat PUNTO 1.3 Furgon;25;1007;Vozila teretna i kombi vozila;2014-06-01;2014-06-01;03203;03903;19510.00;12600.26;6909.74;4877.52
608;Fiat PUNTO 1.3 Furgon;25;1007;Vozila teretna i kombi vozila;2014-06-01;2014-06-01;03203;03903;19890.00;12845.78;7044.22;4972.56
609;Fiat PUNTO 1.3 Furgon;25;1007;Vozila teretna i kombi vozila;2014-06-01;2014-06-01;03203;03903;17595.00;11363.36;6231.64;4398.72
610;Fiat PUNTO 1.3 Furgon;25;1007;Vozila teretna i kombi vozila;2014-06-01;2014-06-01;03203;03903;21420.00;13833.75;7586.25;5355.00
611;Računalo IQ standard Come;50;1003;Elekt. Računala, oprema i mobi;2014-07-01;2014-07-01;03110;03902;1439.20;1439.20;0.00;359.74
612;Industrijska ograda;5;1002;Građevinski objekti niskogradn;2014-06-01;2014-06-01;02350;03950;12250.00;1582.24;10667.76;612.48
613;Fotokopirni uređaj konica;50;1003;Elekt. Računala, oprema i mobi;2014-12-01;2014-12-01;03110;03902;4290.00;4290.00;0.00;1966.25
614;Fotokopirni uređaj konica;50;1003;Elekt. Računala, oprema i mobi;2014-09-01;2014-09-01;03110;03902;2995.20;2995.20;0.00;998.40
615;OPERA dodatna licenca;25;1009;Licence;2014-11-01;2014-11-01;00;01910;3199.77;1733.16;1466.61;799.92
616;Kaspersky Endpoint Securi;25;1009;Licence;2014-11-01;2014-11-01;00;01910;5059.20;2740.40;2318.80;1264.80
617;Mrežni preklopnik;50;1003;Elekt. Računala, oprema i mobi;2014-07-01;2014-07-01;03110;03902;6451.74;6451.74;0.00;1612.98
618;MIKRO SERVER;50;1003;Elekt. Računala, oprema i mobi;2014-09-01;2014-09-01;03110;03902;6713.81;6713.81;0.00;2597.22
619;Lenovo Z50-70PC;50;1003;Elekt. Računala, oprema i mobi;2014-12-01;2014-12-01;03110;03902;3588.88;3588.88;0.00;1644.86
620;MS Windows 8.1 pro.engl;25;1009;Licence;2014-12-01;2014-12-01;00;01910;959.92;500.00;459.92;240.00
621;HP 3500MT računalo;50;1003;Elekt. Računala, oprema i mobi;2014-12-01;2014-12-01;03110;03902;1959.12;1959.12;0.00;897.93
622;Lenovo T440S 20AQ004UCS;50;1003;Elekt. Računala, oprema i mobi;2014-12-02;2015-01-01;03110;03902;9075.19;9075.12;0.07;4537.56
623;Printer termo-bar kod INT;50;1003;Elekt. Računala, oprema i mobi;2015-04-01;2015-04-01;03110;03902;12473.50;10914.33;1559.17;6236.76
624;Hard disk 2,5 sata samsun;50;1003;Elekt. Računala, oprema i mobi;2015-05-01;2015-05-01;03110;03902;3722.35;3102.00;620.35;1861.20
625;Lenovo B50-45 AMD Quad co;50;1003;Elekt. Računala, oprema i mobi;2015-04-30;2015-05-01;03110;03902;2079.99;1733.40;346.59;1040.04
626;Klima Vaillant Vai-2-035;10;1008;Ostala oprema;2015-05-01;2015-05-01;03100;03908;3673.19;612.20;3060.99;367.32
627;Klima ToshibaRAV-SM;10;1008;Ostala oprema;2015-05-01;2015-05-01;03030;03906;10900.00;1816.60;9083.40;1089.96
628;Lenovo prijenosno računal;50;1003;Elekt. Računala, oprema i mobi;2015-09-01;2015-09-01;03110;03902;5518.40;3678.88;1839.52;2759.16
629;Baterija hermetička bater;50;1003;Elekt. Računala, oprema i mobi;2015-09-01;2015-09-01;03110;03902;4590.00;3060.00;1530.00;2295.00
630;Preša hidraulična ručna;10;1008;Ostala oprema;2015-10-01;2015-10-01;03010;03901;4671.09;583.95;4087.14;467.16
631;Kaspersky Endpoint Securi;25;1009;Licence;2015-11-01;2015-11-01;00;01910;5299.50;1545.74;3753.76;1324.92
632;SERVER SQLSSvrstdCore 201;50;1003;Elekt. Računala, oprema i mobi;2015-10-01;2015-10-01;03110;03902;68785.80;42991.20;25794.60;34392.96
633;Windows SRV Inspirit;25;1009;Licence;2015-12-01;2015-12-01;00;01910;9345.00;2530.97;6814.03;2336.28
634;Ralica za snijeg FM;25;1007;Vozila teretna i kombi vozila;2015-12-01;2015-12-01;03203;03903;3150.00;853.19;2296.81;787.56
635;Lenovo HDD USB 3.0 portab;50;1003;Elekt. Računala, oprema i mobi;2015-12-01;2016-01-01;03110;03902;5413.75;2932.41;2481.34;2706.84
636;Renault master;25;1007;Vozila teretna i kombi vozila;2015-12-01;2015-12-01;03203;03903;120348.30;32594.38;87753.92;30087.12
637;Agregat benzin Hobi PT;10;1008;Ostala oprema;2015-12-03;2016-01-01;03010;03901;4236.54;423.60;-423.60;423.60
638;Veeam Backup Essentials S;50;1003;Elekt. Računala, oprema i mobi;2015-12-01;2016-01-01;03110;03902;5531.75;2996.37;2535.38;2765.88
639;Citroen Jumper;25;1007;Vozila teretna i kombi vozila;2015-12-01;2015-12-01;03203;03903;122849.53;33271.81;89577.72;30712.44
643;DELL Logitech+LG LCD;50;1003;Elekt. Računala, oprema i mobi;2016-03-01;2016-03-01;03110;03902;10824.51;4510.20;-4510.20;4510.20
644;Lenovo računalo Think;50;1003;Elekt. Računala, oprema i mobi;2016-03-01;2016-03-01;03110;03902;8081.95;3704.25;-3704.25;3704.25
645;Monitor Dell Profesional;50;1003;Elekt. Računala, oprema i mobi;2016-04-01;2016-04-01;03110;03902;4275.00;1603.17;-1603.17;1603.17
646;Citroen Jumper;25;1007;Vozila teretna i kombi vozila;2016-03-01;2016-03-01;03203;03903;127865.26;26638.60;-26638.60;26638.60
647;Citroen Jumper;25;1007;Vozila teretna i kombi vozila;2016-03-01;2016-03-01;03203;03903;127865.26;26638.60;-26638.60;26638.60
648;Windows SRV standard 2012;25;1009;Licence;2016-04-01;2016-04-01;00;01910;5291.00;992.07;-992.07;992.07
650;Ormar za spise;20;1004;Namještaj(uredski,pogonski);2016-06-01;2016-06-01;03210;03911;6393.60;745.92;-745.92;745.92
651;Stroj za klamanje drvenih;10;1008;Ostala oprema;2016-07-01;2016-07-01;03010;03901;18775.00;938.76;-938.76;938.76
652;Citroen C3 1.4 HDI;25;1007;Vozila teretna i kombi vozila;2016-07-01;2016-07-01;03203;03903;38000.00;4750.02;-4750.02;4750.02
653;ERP program knjigovodstve;50;1013;Elekt. Računala, PROJEKTNI;2016-07-20;2016-08-01;01200;01930;337120.00;70233.35;-70233.35;70233.35
654;BMW  320D TOURING;20;1005;Osobna vozila;2016-07-01;2016-07-01;03200;03920;331900.03;33190.02;-33190.02;33190.02
655;Ford Kuga BJ224GK;20;1005;Osobna vozila;2016-10-01;2016-10-01;03200;03920;220923.04;18096.45;-18096.45;18096.45
656;ŠPICA Time&Space;50;1013;Elekt. Računala, PROJEKTNI;2016-07-21;2016-08-01;01200;01930;31865.00;6638.55;-6638.55;6638.55
657;Horst Klaes program;50;1013;Elekt. Računala, PROJEKTNI;2016-07-26;2016-08-01;01200;01930;488765.15;101826.10;-101826.10;101826.10
658;Računalo INTEL NUC i3;50;1003;Elekt. Računala, oprema i mobi;2016-02-01;2016-02-01;03110;03902;33889.60;15532.77;-15532.77;15532.77
659;Tablet Prestigio Multipad;50;1003;Elekt. Računala, oprema i mobi;2016-02-01;2016-08-01;03110;03902;18000.00;8250.00;-8250.00;8250.00
660;Kosilica traktor;25;1007;Vozila teretna i kombi vozila;2016-08-01;2016-08-01;03203;03903;25343.43;2639.95;-2639.95;2639.95
661;Renault Trafic 2,0 DCI115;25;1007;Vozila teretna i kombi vozila;2016-10-01;2016-10-01;03203;03903;76900.00;4806.24;-4806.24;4806.24
662;Renault Trafic 2,0 DCI115;25;1007;Vozila teretna i kombi vozila;2016-10-01;2016-10-01;03203;03903;69900.00;4368.75;-4368.75;4368.75
663;Orgadata License fee;25;1009;Licence;2016-10-01;2017-01-01;00;01910;170805.00;10675.32;-10675.32;10675.32
664;Odvlaživač zraka TROTEC T;10;1008;Ostala oprema;2015-12-21;2016-01-01;03030;03906;2901.32;290.16;2611.16;290.16
665;"Tablet AppleiPad Pro9.7""";50;1003;Elekt. Računala, oprema i mobi;2016-10-01;2016-08-01;03110;03902;7627.38;953.43;-953.43;953.43
666;L-Kosilica traktor;25;1007;Vozila teretna i kombi vozila;2016-11-01;2016-11-01;03203;03903;25343.43;1055.98;-1055.98;1055.98
667;Synology DS916+8GB DiskSt;50;1003;Elekt. Računala, oprema i mobi;2016-11-01;2016-11-01;03110;03902;6603.38;550.28;-550.28;550.28
668;Renault Master dupla kabi;25;1007;Vozila teretna i kombi vozila;2016-12-01;2016-12-01;03203;03903;129675.00;2701.56;-2701.56;2701.56
669;Renault Master dupla kabi;25;1007;Vozila teretna i kombi vozila;2016-12-01;2016-12-01;03203;03903;134360.00;2799.17;-2799.17;2799.17
670;L-Top za grijanje-Termoge;10;1008;Ostala oprema;2016-12-31;2016-12-31;03230;03904;4179.92;;0.00;0.00
671;Konica Minolta bizhub 284;50;1003;Elekt. Računala, oprema i mobi;2016-12-31;2016-12-31;03110;03902;16640.00;;0.00;0.00
672;L-Sustav grijanja LEPIRAC;10;1008;Ostala oprema;2016-12-31;2016-12-31;03020;03905;154518.88;;0.00;0.00
674;L-ODSIS - FILTER STANICA;10;1008;Ostala oprema;2016-07-01;2016-12-31;03010;03901;45731.12;;0.00;0.00
675;L-WINDOR 40 R;10;1008;Ostala oprema;2016-07-01;2016-12-31;03010;03901;284451.47;;0.00;0.00
676;L-AUTOM.BLANJALICA AB2/00;10;1008;Ostala oprema;2016-07-01;2016-12-31;03010;03901;87358.16;;0.00;0.00
677;L-SUSARA ZA DRVO INCOMAC;10;1008;Ostala oprema;2016-07-01;2016-12-31;03010;03901;111591.75;;0.00;0.00
678;L-DV. CEPAONA GLODALICA C;10;1008;Ostala oprema;2016-07-01;2016-12-31;03010;03901;158886.35;;0.00;0.00
679;L-CNC MASTERWOOD OMB1 CN3;10;1008;Ostala oprema;2016-07-01;2016-12-31;03010;03901;28826.24;;0.00;0.00
680;L-PRESA CASOLIN MOD-3000;10;1008;Ostala oprema;2016-07-01;2016-12-31;03010;03901;18663.77;;0.00;0.00
681;L-MASTERWOOD LINEA N.320;10;1008;Ostala oprema;2016-07-01;2016-12-31;03010;03901;3420.06;;0.00;0.00
682;L-Upravljacka jedinica tr;10;1008;Ostala oprema;2016-07-01;2016-12-31;03010;03901;1172.59;;0.00;0.00
683;L-MASTERWOOD OMB1 CN3 TF3;10;1008;Ostala oprema;2016-07-01;2016-12-31;03010;03901;2736.05;;0.00;0.00
684;L-MASTERWOOD OMB1 CN3 TF3;10;1008;Ostala oprema;2016-07-01;2016-12-31;03010;03901;4592.66;;0.00;0.00
685;L-MASTERWOOD OMB1 CN3 TF3;10;1008;Ostala oprema;2016-07-01;2016-12-31;03010;03901;10553.34;;0.00;0.00
686;L-Modifica parte elettron;10;1008;Ostala oprema;2016-07-01;2016-12-31;03010;03901;70844.15;;0.00;0.00
687;L-RADNO VRIJEME ELEKTRONI;10;1008;Ostala oprema;2016-07-01;2016-12-31;03010;03901;5667.53;;0.00;0.00
688;L-SINUMERIK-IZRADA PROGRA;10;1008;Ostala oprema;2016-07-01;2016-12-31;03010;03901;5667.53;;0.00;0.00
689;L-AUTOMATSKA PRESA AMS+DO;10;1008;Ostala oprema;2016-07-01;2016-12-31;03010;03901;11823.64;;0.00;0.00
690;L-MASTERWOOD OMB1 CN3 TF1;10;1008;Ostala oprema;2016-07-01;2016-12-31;03010;03901;12116.79;;0.00;0.00
691;L-LINIJA ZA PROFILIRANJE;10;1008;Ostala oprema;2016-07-01;2016-12-31;03010;03901;431905.02;;0.00;0.00
692;L-ALATNI STROJ PILJENJE D;10;1008;Ostala oprema;2016-07-01;2016-12-31;03010;03901;12214.51;;0.00;0.00
693;L-STROJ ZA MONTAZU DRVENI;10;1008;Ostala oprema;2016-07-01;2016-12-31;03010;03901;20031.79;;0.00;0.00
695;L-STROJ ZA OPTIMIZACIJU L;10;1008;Ostala oprema;2016-07-01;2016-12-31;03010;03901;49835.19;;0.00;0.00
698;L-KOTLOVNICA;10;1008;Ostala oprema;2016-07-01;2016-12-31;03010;03901;128887.49;;0.00;0.00
700;L-RAVNALICA F1 TECNOMAX C;10;1008;Ostala oprema;2016-07-01;2016-12-31;03010;03901;4201.79;;0.00;0.00
701;L-RAVNALICA F1 TECNOMAX C;10;1008;Ostala oprema;2016-07-01;2016-12-31;03010;03901;4201.79;;0.00;0.00
702;L-HOR.KRUZNA PILA TECNOMA;10;1008;Ostala oprema;2016-07-01;2016-12-31;03010;03901;5667.53;;0.00;0.00
703;L-R.STROJ ZA IZR.UTORA VE;10;1008;Ostala oprema;2016-07-01;2016-12-31;03010;03901;6644.69;;0.00;0.00
704;L-BRUSILICA 50CB;10;1008;Ostala oprema;2016-07-01;2016-12-31;03010;03901;36838.96;;0.00;0.00
705;L-DEBLJACA TECNOMAC SP1;10;1008;Ostala oprema;2016-07-01;2016-12-31;03010;03901;5276.67;;0.00;0.00
706;L-STR.ZA IZR KVADR. FC/2T;10;1008;Ostala oprema;2016-07-01;2016-12-31;03010;03901;10357.90;;0.00;0.00
707;L-STOLARSKA PILA SP800;10;1008;Ostala oprema;2016-07-01;2016-12-31;03010;03901;2931.48;;0.00;0.00
708;L-DVOSTR. REZACICA TR2B V;10;1008;Ostala oprema;2016-07-01;2016-12-31;03010;03901;9673.89;;0.00;0.00
709;L-REZACICA TVB400 SALVADO;10;1008;Ostala oprema;2016-07-01;2016-12-31;03010;03901;23256.42;;0.00;0.00
710;L-REZACICA TVB400 SALVADO;10;1008;Ostala oprema;2016-07-01;2016-12-31;03010;03901;23256.42;;0.00;0.00
711;L-HIDR.PRESA CASOLIN 3000;10;1008;Ostala oprema;2016-07-01;2016-12-31;03010;03901;16807.16;;0.00;0.00
712;L-VISELISNA KRUZNA PILA R;10;1008;Ostala oprema;2016-07-01;2016-12-31;03010;03901;49444.33;;0.00;0.00
713;L-TRACNA PILA HP 240 HORI;10;1008;Ostala oprema;2016-07-01;2016-12-31;03010;03901;4201.79;;0.00;0.00
715;L-PANTOGRAF S NAST.SCM T-;10;1008;Ostala oprema;2016-07-01;2016-12-31;03010;03901;36057.23;;0.00;0.00
716;L-KOMB.KRUZNA KUTNA JEDNO;10;1008;Ostala oprema;2016-07-01;2016-12-31;03010;03901;15634.57;;0.00;0.00
717;L-CNC PRESA ZA SKURE (AUT;10;1008;Ostala oprema;2016-07-01;2016-12-31;03010;03901;35861.80;;0.00;0.00
718;L-STRJ ZA IZRADU UTORA BE;10;1008;Ostala oprema;2016-07-01;2016-12-31;03010;03901;4006.36;;0.00;0.00
719;L-MASTERWOOD OMB1 CN3 TF3;10;1008;Ostala oprema;2016-07-01;2016-12-31;03010;03901;59313.65;;0.00;0.00
720;L-STROJ ZA PRANJE CELICNI;10;1008;Ostala oprema;2016-07-01;2016-12-31;03010;03901;5667.53;;0.00;0.00
721;L-STROJ ZA PAKIRANJE (COR;10;1008;Ostala oprema;2016-07-01;2016-12-31;03010;03901;5569.82;;0.00;0.00
722;L-STROJ ZA OBR. DRVETA (C;10;1008;Ostala oprema;2016-07-01;2016-12-31;03010;03901;6937.84;;0.00;0.00
723;L-RUCNA REZAC.ZA DRVO (CO;10;1008;Ostala oprema;2016-07-01;2016-12-31;03010;03901;2247.47;;0.00;0.00
724;L-STOL ZA BAUSOLA 850;10;1008;Ostala oprema;2016-07-01;2016-12-31;03010;03901;488.58;;0.00;0.00
725;L-CETVEROSRT.AKUTOM.BLANJ;10;1008;Ostala oprema;2016-07-01;2016-12-31;03010;03901;1368.02;;0.00;0.00
726;L-Pakirni stol za roletne;10;1008;Ostala oprema;2016-07-01;2016-12-31;03010;03901;4299.51;;0.00;0.00
727;L-Pneumatski  stol za rol;10;1008;Ostala oprema;2016-07-01;2016-12-31;03010;03901;6058.40;;0.00;0.00
728;L-VILICAR SER.BR.90259132;10;1008;Ostala oprema;2016-07-01;2016-12-31;03010;03901;8110.43;;0.00;0.00
729;L-VILICAR SER.BR.90259133;25;1007;Vozila teretna i kombi vozila;2016-07-01;2016-12-31;03010;03901;8110.43;;0.00;0.00
730;L-VILICAR SER.BR.FN362497;10;1008;Ostala oprema;2016-07-01;2016-12-31;03010;03901;18566.05;;0.00;0.00
731;L-VILICAR RABLJ1984./HT4;10;1008;Ostala oprema;2016-07-01;2016-12-31;03010;03901;2833.77;;0.00;0.00
733;L-RUC.REZ.KRUZNA PILA OMG;10;1008;Ostala oprema;2016-07-01;2016-12-31;03010;03901;586.30;;0.00;0.00
734;L-MIKROSKOP OPTICONTROL;10;1008;Ostala oprema;2016-07-01;2016-12-31;03010;03901;3810.93;;0.00;0.00
735;L-PERILICA ZA GLODALO UTR;10;1008;Ostala oprema;2016-07-01;2016-12-31;03010;03901;1465.74;;0.00;0.00
736;L-BRUSILICA BM 400/R;10;1008;Ostala oprema;2016-07-01;2016-12-31;03010;03901;1758.89;;0.00;0.00
737;L-BRUSILICA NOZEVA BM 850;10;1008;Ostala oprema;2016-07-01;2016-12-31;03010;03901;2052.04;;0.00;0.00
738;L-BUSILICA HUVEMA 32 PROF;10;1008;Ostala oprema;2016-07-01;2016-12-31;03010;03901;977.16;;0.00;0.00
739;L-TOKARKSKI STROJ BV 20 (;10;1008;Ostala oprema;2016-07-01;2016-12-31;03010;03901;2442.90;;0.00;0.00
740;L-KABINA ZA ZASTITU NA RA;10;1008;Ostala oprema;2016-07-01;2016-12-31;03010;03901;977.16;;0.00;0.00
741;L-APARAT ZA ZAVAR. VARIN;10;1008;Ostala oprema;2016-07-01;2016-12-31;03010;03901;977.16;;0.00;0.00
742;L-APARAT ZA ZAVAR. VARMIN;10;1008;Ostala oprema;2016-07-01;2016-12-31;03010;03901;977.16;;0.00;0.00
743;L-USISAVAC EM VC 6401;10;1008;Ostala oprema;2016-07-01;2016-12-31;03010;03901;977.16;;0.00;0.00
744;L-BOSCH BRUSILICA GSM 175;10;1008;Ostala oprema;2016-07-01;2016-12-31;03010;03901;977.16;;0.00;0.00
745;L-SKRIPAC BRAVARSKI 150;10;1008;Ostala oprema;2016-07-01;2016-12-31;03010;03901;977.16;;0.00;0.00
746;L-ECO KOSILICA HD - 70;10;1008;Ostala oprema;2016-07-01;2016-12-31;03010;03901;1172.59;;0.00;0.00
747;L-MACCHINA PER TAGLIARE E;10;1008;Ostala oprema;2016-07-01;2016-12-31;03010;03901;977.16;;0.00;0.00
748;L-Cistac sikare BC 2145;10;1008;Ostala oprema;2016-07-01;2016-12-31;03010;03901;977.16;;0.00;0.00
749;L-Hala Lepirac 1;5;1001;Građevinski objekti visokograd;2016-07-01;2016-12-31;02310;03900;11866501.30;;0.00;0.00
751;L-TERMOLAKIRNICA;10;1008;Ostala oprema;2016-08-01;2016-12-31;03010;03901;1109227.26;;0.00;0.00
752;AURENA strojevii i alati;10;1008;Ostala oprema;2016-06-01;2016-12-31;03010;03901;95178.10;;0.00;0.00
753;L-AURENA strojevi i alati;10;1008;Ostala oprema;2016-06-01;2016-12-31;03010;03901;181622.90;;0.00;0.00
